osquery_int1;1;276
osquery_int1;2;983
osquery_int1;3;1012
osquery_int1;4;976
osquery_int1;5;1004
osquery_int1;6;979
osquery_int1;7;984
osquery_int1;8;1003
osquery_int1;9;987
osquery_int1;10;1003
osquery_int1;11;978
osquery_int1;12;1005
osquery_int1;13;991
osquery_int1;14;981
osquery_int1;15;977
osquery_int1;16;990
osquery_int1;17;1003
osquery_int1;18;1001
osquery_int1;19;975
osquery_int1;20;1002
osquery_int1;21;979
osquery_int1;22;1005
osquery_int1;23;976
osquery_int1;24;1003
osquery_int1;25;980
osquery_int1;26;1005
osquery_int1;27;976
osquery_int1;28;1001
osquery_int1;29;979
osquery_int1;30;1004
