aide;1;70
samhain;1;128
tripwire;1;758
shellskript;1;440
aide;2;51
samhain;2;131
tripwire;2;354
shellskript;2;430
aide;3;51
samhain;3;128
tripwire;3;371
shellskript;3;426
aide;4;51
samhain;4;129
tripwire;4;370
shellskript;4;438
aide;5;52
samhain;5;128
tripwire;5;361
shellskript;5;436
aide;6;51
samhain;6;129
tripwire;6;362
shellskript;6;438
aide;7;51
samhain;7;128
tripwire;7;361
shellskript;7;436
aide;8;55
samhain;8;129
tripwire;8;360
shellskript;8;447
aide;9;51
samhain;9;133
tripwire;9;347
shellskript;9;438
aide;10;51
samhain;10;128
tripwire;10;361
shellskript;10;436
aide;11;51
samhain;11;128
tripwire;11;363
shellskript;11;438
aide;12;51
samhain;12;126
tripwire;12;363
shellskript;12;438
aide;13;51
samhain;13;131
tripwire;13;357
shellskript;13;438
aide;14;51
samhain;14;130
tripwire;14;361
shellskript;14;433
aide;15;52
samhain;15;131
tripwire;15;364
shellskript;15;441
aide;16;51
samhain;16;131
tripwire;16;355
shellskript;16;430
aide;17;51
samhain;17;129
tripwire;17;368
shellskript;17;435
aide;18;51
samhain;18;130
tripwire;18;363
shellskript;18;429
aide;19;51
samhain;19;141
tripwire;19;357
shellskript;19;442
aide;20;50
samhain;20;129
tripwire;20;356
shellskript;20;431
aide;21;50
samhain;21;126
tripwire;21;373
shellskript;21;433
aide;22;50
samhain;22;129
tripwire;22;368
shellskript;22;430
aide;23;50
samhain;23;132
tripwire;23;366
shellskript;23;429
aide;24;51
samhain;24;131
tripwire;24;366
shellskript;24;437
aide;25;50
samhain;25;127
tripwire;25;365
shellskript;25;430
aide;26;50
samhain;26;130
tripwire;26;369
shellskript;26;432
aide;27;52
samhain;27;135
tripwire;27;358
shellskript;27;440
aide;28;52
samhain;28;132
tripwire;28;356
shellskript;28;429
aide;29;52
samhain;29;125
tripwire;29;373
shellskript;29;433
aide;30;52
samhain;30;133
tripwire;30;358
shellskript;30;431
