aide;1;0.04;0.00;6088
samhain;1;0.06;0.01;3836
tripwire;1;0.86;0.00;7376
shellskript;1;0.12;0.29;8668
aide;2;0.04;0.00;6140
samhain;2;0.06;0.01;3772
tripwire;2;0.38;0.00;7512
shellskript;2;0.13;0.29;8832
aide;3;0.04;0.00;5932
samhain;3;0.06;0.01;3820
tripwire;3;0.36;0.00;7496
shellskript;3;0.12;0.29;8548
aide;4;0.03;0.00;6184
samhain;4;0.06;0.01;3740
tripwire;4;0.39;0.00;7536
shellskript;4;0.11;0.29;8916
aide;5;0.04;0.00;5976
samhain;5;0.06;0.01;3756
tripwire;5;0.39;0.00;7408
shellskript;5;0.14;0.27;8824
aide;6;0.04;0.00;5980
samhain;6;0.06;0.01;3772
tripwire;6;0.38;0.00;7376
shellskript;6;0.12;0.29;8844
aide;7;0.04;0.00;6092
samhain;7;0.06;0.01;3788
tripwire;7;0.38;0.00;7428
shellskript;7;0.13;0.29;8892
aide;8;0.04;0.00;6120
samhain;8;0.06;0.01;3784
tripwire;8;0.38;0.00;7512
shellskript;8;0.13;0.30;8720
aide;9;0.04;0.00;6028
samhain;9;0.06;0.01;3760
tripwire;9;0.37;0.00;7408
shellskript;9;0.13;0.28;8816
aide;10;0.04;0.00;6044
samhain;10;0.07;0.00;3796
tripwire;10;0.38;0.00;7488
shellskript;10;0.13;0.29;8724
aide;11;0.04;0.00;6192
samhain;11;0.06;0.01;3724
tripwire;11;0.38;0.00;7484
shellskript;11;0.13;0.28;8852
aide;12;0.03;0.00;5976
samhain;12;0.06;0.01;3760
tripwire;12;0.39;0.00;7508
shellskript;12;0.12;0.29;8804
aide;13;0.03;0.00;6044
samhain;13;0.07;0.00;3768
tripwire;13;0.37;0.00;7496
shellskript;13;0.13;0.28;8888
aide;14;0.03;0.00;6020
samhain;14;0.07;0.01;3756
tripwire;14;0.39;0.00;7496
shellskript;14;0.12;0.29;8852
aide;15;0.04;0.00;6120
samhain;15;0.06;0.01;3772
tripwire;15;0.37;0.00;7512
shellskript;15;0.11;0.30;8816
aide;16;0.04;0.00;6068
samhain;16;0.06;0.01;3828
tripwire;16;0.37;0.00;7448
shellskript;16;0.11;0.30;8672
aide;17;0.04;0.00;6000
samhain;17;0.06;0.01;3792
tripwire;17;0.37;0.00;7396
shellskript;17;0.12;0.29;9012
aide;18;0.04;0.00;6028
samhain;18;0.07;0.01;3728
tripwire;18;0.38;0.00;7512
shellskript;18;0.12;0.30;8748
aide;19;0.03;0.00;6120
samhain;19;0.06;0.01;3808
tripwire;19;0.37;0.00;7376
shellskript;19;0.12;0.30;8732
aide;20;0.03;0.00;6104
samhain;20;0.04;0.01;3680
tripwire;20;0.41;0.00;7496
shellskript;20;0.13;0.29;9040
aide;21;0.03;0.00;6012
samhain;21;0.06;0.01;3752
tripwire;21;0.37;0.00;7512
shellskript;21;0.12;0.29;8868
aide;22;0.03;0.00;6092
samhain;22;0.06;0.01;3828
tripwire;22;0.38;0.00;7496
shellskript;22;0.12;0.30;8864
aide;23;0.04;0.00;6104
samhain;23;0.07;0.00;3772
tripwire;23;0.37;0.00;7488
shellskript;23;0.14;0.28;8824
aide;24;0.04;0.00;5976
samhain;24;0.06;0.01;3672
tripwire;24;0.36;0.00;7492
shellskript;24;0.13;0.29;8856
aide;25;0.03;0.00;6152
samhain;25;0.06;0.01;3800
tripwire;25;0.37;0.00;7424
shellskript;25;0.13;0.29;8832
aide;26;0.04;0.00;6092
samhain;26;0.06;0.01;3752
tripwire;26;0.38;0.00;7352
shellskript;26;0.11;0.31;8888
aide;27;0.04;0.00;6156
samhain;27;0.06;0.01;3768
tripwire;27;0.38;0.00;7396
shellskript;27;0.11;0.32;8708
aide;28;0.04;0.00;6020
samhain;28;0.07;0.00;3812
tripwire;28;0.35;0.00;7412
shellskript;28;0.13;0.29;8780
aide;29;0.04;0.00;6012
samhain;29;0.06;0.01;3732
tripwire;29;0.38;0.00;7512
shellskript;29;0.14;0.29;8776
aide;30;0.04;0.00;6120
samhain;30;0.07;0.01;3772
tripwire;30;0.35;0.00;7400
shellskript;30;0.12;0.29;8836
