wazuh_ar;1;46;ok
wazuh_ar;2;46;ok
wazuh_ar;3;46;ok
wazuh_ar;4;47;ok
wazuh_ar;5;44;ok
wazuh_ar;6;46;ok
wazuh_ar;7;45;ok
wazuh_ar;8;46;ok
wazuh_ar;9;47;ok
wazuh_ar;10;44;ok
wazuh_ar;11;49;ok
wazuh_ar;12;44;ok
wazuh_ar;13;46;ok
wazuh_ar;14;48;ok
wazuh_ar;15;50;ok
wazuh_ar;16;45;ok
wazuh_ar;17;44;ok
wazuh_ar;18;46;ok
wazuh_ar;19;46;ok
wazuh_ar;20;44;ok
wazuh_ar;21;44;ok
wazuh_ar;22;46;ok
wazuh_ar;23;44;ok
wazuh_ar;24;47;ok
wazuh_ar;25;46;ok
wazuh_ar;26;45;ok
wazuh_ar;27;46;ok
wazuh_ar;28;47;ok
wazuh_ar;29;47;ok
wazuh_ar;30;44;ok
