1;1790108554;wazuh;wazuh-execd;4948;8
1;1790108554;wazuh;wazuh-agentd;9476;69
1;1790108554;wazuh;wazuh-syscheckd;13568;1063
1;1790108554;wazuh;wazuh-logcollec;12524;21
1;1790108554;wazuh;wazuh-modulesd;24064;41
1;1790108554;osquery;osqueryd-33623;45860;19
1;1790108554;osquery;osqueryd-33628;52212;113
2;1790108614;wazuh;wazuh-execd;4948;8
2;1790108614;wazuh;wazuh-agentd;9476;70
2;1790108614;wazuh;wazuh-syscheckd;13568;1063
2;1790108614;wazuh;wazuh-logcollec;12524;21
2;1790108614;wazuh;wazuh-modulesd;24064;41
2;1790108614;osquery;osqueryd-33623;45860;20
2;1790108614;osquery;osqueryd-33628;52212;119
3;1790108674;wazuh;wazuh-execd;4948;8
3;1790108674;wazuh;wazuh-agentd;9476;71
3;1790108674;wazuh;wazuh-syscheckd;13568;1063
3;1790108674;wazuh;wazuh-logcollec;12524;22
3;1790108674;wazuh;wazuh-modulesd;24064;41
3;1790108674;osquery;osqueryd-33623;45860;21
3;1790108674;osquery;osqueryd-33628;52212;124
4;1790108734;wazuh;wazuh-execd;4948;8
4;1790108734;wazuh;wazuh-agentd;9476;72
4;1790108734;wazuh;wazuh-syscheckd;13568;1064
4;1790108734;wazuh;wazuh-logcollec;12524;22
4;1790108734;wazuh;wazuh-modulesd;24064;42
4;1790108734;osquery;osqueryd-33623;45860;23
4;1790108734;osquery;osqueryd-33628;52212;130
5;1790108794;wazuh;wazuh-execd;4948;8
5;1790108794;wazuh;wazuh-agentd;9476;72
5;1790108794;wazuh;wazuh-syscheckd;13568;1064
5;1790108794;wazuh;wazuh-logcollec;12524;22
5;1790108794;wazuh;wazuh-modulesd;24064;42
5;1790108794;osquery;osqueryd-33623;45860;24
5;1790108794;osquery;osqueryd-33628;52212;136
6;1790108854;wazuh;wazuh-execd;4948;9
6;1790108854;wazuh;wazuh-agentd;9476;73
6;1790108854;wazuh;wazuh-syscheckd;13568;1064
6;1790108854;wazuh;wazuh-logcollec;12524;22
6;1790108854;wazuh;wazuh-modulesd;24064;43
6;1790108854;osquery;osqueryd-33623;45860;25
6;1790108854;osquery;osqueryd-33628;52212;141
7;1790108914;wazuh;wazuh-execd;4948;9
7;1790108914;wazuh;wazuh-agentd;9476;73
7;1790108914;wazuh;wazuh-syscheckd;13568;1064
7;1790108914;wazuh;wazuh-logcollec;12524;23
7;1790108914;wazuh;wazuh-modulesd;24064;43
7;1790108914;osquery;osqueryd-33623;45860;26
7;1790108914;osquery;osqueryd-33628;52212;147
8;1790108974;wazuh;wazuh-execd;4948;9
8;1790108974;wazuh;wazuh-agentd;9476;74
8;1790108974;wazuh;wazuh-syscheckd;13568;1064
8;1790108974;wazuh;wazuh-logcollec;12524;24
8;1790108974;wazuh;wazuh-modulesd;24064;43
8;1790108974;osquery;osqueryd-33623;45860;26
8;1790108974;osquery;osqueryd-33628;52212;152
9;1790109034;wazuh;wazuh-execd;4948;10
9;1790109034;wazuh;wazuh-agentd;9476;76
9;1790109034;wazuh;wazuh-syscheckd;13568;1065
9;1790109034;wazuh;wazuh-logcollec;12524;24
9;1790109034;wazuh;wazuh-modulesd;24064;43
9;1790109034;osquery;osqueryd-33623;45860;28
9;1790109034;osquery;osqueryd-33628;52212;157
10;1790109094;wazuh;wazuh-execd;4948;10
10;1790109094;wazuh;wazuh-agentd;9476;77
10;1790109094;wazuh;wazuh-syscheckd;13568;1065
10;1790109094;wazuh;wazuh-logcollec;12524;25
10;1790109094;wazuh;wazuh-modulesd;24064;43
10;1790109094;osquery;osqueryd-33623;45860;29
10;1790109094;osquery;osqueryd-33628;52212;164
