aide;0.04;0.00;5932
tripwire;0.37;0.00;7496
samhain;0.03;0.00;3640
shellskript;0.12;0.27;9616
aide;0.04;0.00;5976
tripwire;0.41;0.00;7512
samhain;0.01;0.01;3644
shellskript;0.12;0.27;8968
aide;0.04;0.00;6184
tripwire;0.43;0.00;7416
samhain;0.01;0.01;3684
shellskript;0.11;0.29;8920
aide;0.03;0.00;5932
tripwire;0.41;0.00;7408
samhain;0.01;0.02;3676
shellskript;0.12;0.27;9552
aide;0.03;0.00;6092
tripwire;0.43;0.00;7324
samhain;0.02;0.00;3696
shellskript;0.12;0.27;9652
aide;0.04;0.00;6100
tripwire;0.42;0.00;7448
samhain;0.01;0.01;3652
shellskript;0.14;0.26;8976
aide;0.03;0.00;6156
tripwire;0.43;0.00;7420
samhain;0.02;0.00;3716
shellskript;0.12;0.27;9680
aide;0.03;0.00;6184
tripwire;0.41;0.00;7416
samhain;0.01;0.01;3640
shellskript;0.12;0.28;9500
aide;0.03;0.00;6220
tripwire;0.43;0.01;7496
samhain;0.02;0.01;3664
shellskript;0.13;0.25;9464
aide;0.03;0.00;6184
tripwire;0.44;0.01;7504
samhain;0.02;0.00;3660
shellskript;0.11;0.27;9056
