2000;aide;1;605
2000;samhain;1;620
2000;tripwire;1;1192
2000;shellskript;1;4117
2000;aide;2;347
2000;samhain;2;611
2000;tripwire;2;902
2000;shellskript;2;4118
2000;aide;3;356
2000;samhain;3;622
2000;tripwire;3;891
2000;shellskript;3;4178
2000;aide;4;361
2000;samhain;4;625
2000;tripwire;4;813
2000;shellskript;4;4103
2000;aide;5;353
2000;samhain;5;607
2000;tripwire;5;921
2000;shellskript;5;4092
2000;aide;6;365
2000;samhain;6;616
2000;tripwire;6;912
2000;shellskript;6;4100
2000;aide;7;308
2000;samhain;7;634
2000;tripwire;7;942
2000;shellskript;7;4145
2000;aide;8;311
2000;samhain;8;643
2000;tripwire;8;881
2000;shellskript;8;4218
2000;aide;9;347
2000;samhain;9;625
2000;tripwire;9;783
2000;shellskript;9;4180
2000;aide;10;313
2000;samhain;10;627
2000;tripwire;10;867
2000;shellskript;10;4141
20000;aide;1;4646
20000;samhain;1;5603
20000;tripwire;1;4562
20000;shellskript;1;45835
20000;aide;2;3062
20000;samhain;2;5689
20000;tripwire;2;5432
20000;shellskript;2;45573
20000;aide;3;3040
20000;samhain;3;5712
20000;tripwire;3;4625
20000;shellskript;3;46773
20000;aide;4;3118
20000;samhain;4;5860
20000;tripwire;4;5349
20000;shellskript;4;46954
20000;aide;5;3076
20000;samhain;5;5921
20000;tripwire;5;5002
20000;shellskript;5;46321
20000;aide;6;3091
20000;samhain;6;5724
20000;tripwire;6;4767
20000;shellskript;6;46086
20000;aide;7;3062
20000;samhain;7;5811
20000;tripwire;7;5047
20000;shellskript;7;46356
20000;aide;8;3116
20000;samhain;8;5706
20000;tripwire;8;4784
20000;shellskript;8;46634
20000;aide;9;3094
20000;samhain;9;5747
20000;tripwire;9;5557
20000;shellskript;9;45396
20000;aide;10;3080
20000;samhain;10;5765
20000;tripwire;10;4663
20000;shellskript;10;44976
