inotify;samhain;1;38
inotify;samhain;2;36
inotify;samhain;3;36
inotify;samhain;4;40
inotify;samhain;5;36
inotify;samhain;6;37
inotify;samhain;7;39
inotify;samhain;8;37
inotify;samhain;9;38
inotify;samhain;10;37
inotify;samhain;11;39
inotify;samhain;12;39
inotify;samhain;13;2022
inotify;samhain;14;40
inotify;samhain;15;38
inotify;samhain;16;37
inotify;samhain;17;36
inotify;samhain;18;37
inotify;samhain;19;37
inotify;samhain;20;36
inotify;samhain;21;37
inotify;samhain;22;40
inotify;samhain;23;37
inotify;samhain;24;37
inotify;samhain;25;37
inotify;samhain;26;37
inotify;samhain;27;36
inotify;samhain;28;38
inotify;samhain;29;38
inotify;samhain;30;36
