SHA256;tripwire;1;4953
SHA256;samhain;1;7182
SHA256;tripwire;2;4838
SHA256;samhain;2;7162
SHA256;tripwire;3;4772
SHA256;samhain;3;7172
SHA256;tripwire;4;4828
SHA256;samhain;4;7377
SHA256;tripwire;5;4600
SHA256;samhain;5;7217
SHA256;tripwire;6;4833
SHA256;samhain;6;7186
SHA256;tripwire;7;4749
SHA256;samhain;7;7188
SHA256;tripwire;8;4808
SHA256;samhain;8;7313
SHA256;tripwire;9;4656
SHA256;samhain;9;7243
SHA256;tripwire;10;4747
SHA256;samhain;10;7146
SHA1;tripwire;1;5496
SHA1;samhain;1;4757
SHA1;tripwire;2;5109
SHA1;samhain;2;4734
SHA1;tripwire;3;5350
SHA1;samhain;3;4762
SHA1;tripwire;4;5160
SHA1;samhain;4;4711
SHA1;tripwire;5;5235
SHA1;samhain;5;4671
SHA1;tripwire;6;5357
SHA1;samhain;6;4744
SHA1;tripwire;7;5195
SHA1;samhain;7;4700
SHA1;tripwire;8;5335
SHA1;samhain;8;4838
SHA1;tripwire;9;5219
SHA1;samhain;9;4791
SHA1;tripwire;10;5162
SHA1;samhain;10;4758
