original_ohne_dienste;aide;1;50
original_ohne_dienste;samhain;1;126
original_ohne_dienste;tripwire;1;373
original_ohne_dienste;shellskript;1;444
original_ohne_dienste;aide;2;50
original_ohne_dienste;samhain;2;138
original_ohne_dienste;tripwire;2;340
original_ohne_dienste;shellskript;2;427
original_ohne_dienste;aide;3;39
original_ohne_dienste;samhain;3;143
original_ohne_dienste;tripwire;3;370
original_ohne_dienste;shellskript;3;435
original_ohne_dienste;aide;4;54
original_ohne_dienste;samhain;4;126
original_ohne_dienste;tripwire;4;362
original_ohne_dienste;shellskript;4;424
original_ohne_dienste;aide;5;52
original_ohne_dienste;samhain;5;128
original_ohne_dienste;tripwire;5;375
original_ohne_dienste;shellskript;5;427
original_ohne_dienste;aide;6;50
original_ohne_dienste;samhain;6;129
original_ohne_dienste;tripwire;6;374
original_ohne_dienste;shellskript;6;423
original_ohne_dienste;aide;7;50
original_ohne_dienste;samhain;7;130
original_ohne_dienste;tripwire;7;375
original_ohne_dienste;shellskript;7;414
original_ohne_dienste;aide;8;38
original_ohne_dienste;samhain;8;102
original_ohne_dienste;tripwire;8;429
original_ohne_dienste;shellskript;8;417
original_ohne_dienste;aide;9;51
original_ohne_dienste;samhain;9;131
original_ohne_dienste;tripwire;9;381
original_ohne_dienste;shellskript;9;428
original_ohne_dienste;aide;10;51
original_ohne_dienste;samhain;10;130
original_ohne_dienste;tripwire;10;372
original_ohne_dienste;shellskript;10;422
original_ohne_dienste;aide;11;50
original_ohne_dienste;samhain;11;127
original_ohne_dienste;tripwire;11;380
original_ohne_dienste;shellskript;11;438
original_ohne_dienste;aide;12;42
original_ohne_dienste;samhain;12;93
original_ohne_dienste;tripwire;12;408
original_ohne_dienste;shellskript;12;434
original_ohne_dienste;aide;13;48
original_ohne_dienste;samhain;13;127
original_ohne_dienste;tripwire;13;370
original_ohne_dienste;shellskript;13;418
original_ohne_dienste;aide;14;50
original_ohne_dienste;samhain;14;127
original_ohne_dienste;tripwire;14;383
original_ohne_dienste;shellskript;14;416
original_ohne_dienste;aide;15;50
original_ohne_dienste;samhain;15;128
original_ohne_dienste;tripwire;15;388
original_ohne_dienste;shellskript;15;414
original_ohne_dienste;aide;16;50
original_ohne_dienste;samhain;16;127
original_ohne_dienste;tripwire;16;387
original_ohne_dienste;shellskript;16;420
original_ohne_dienste;aide;17;52
original_ohne_dienste;samhain;17;140
original_ohne_dienste;tripwire;17;367
original_ohne_dienste;shellskript;17;424
original_ohne_dienste;aide;18;50
original_ohne_dienste;samhain;18;127
original_ohne_dienste;tripwire;18;380
original_ohne_dienste;shellskript;18;453
original_ohne_dienste;aide;19;39
original_ohne_dienste;samhain;19;107
original_ohne_dienste;tripwire;19;379
original_ohne_dienste;shellskript;19;427
original_ohne_dienste;aide;20;50
original_ohne_dienste;samhain;20;127
original_ohne_dienste;tripwire;20;375
original_ohne_dienste;shellskript;20;418
original_ohne_dienste;aide;21;50
original_ohne_dienste;samhain;21;131
original_ohne_dienste;tripwire;21;381
original_ohne_dienste;shellskript;21;415
original_ohne_dienste;aide;22;50
original_ohne_dienste;samhain;22;131
original_ohne_dienste;tripwire;22;384
original_ohne_dienste;shellskript;22;418
original_ohne_dienste;aide;23;50
original_ohne_dienste;samhain;23;127
original_ohne_dienste;tripwire;23;384
original_ohne_dienste;shellskript;23;417
original_ohne_dienste;aide;24;50
original_ohne_dienste;samhain;24;127
original_ohne_dienste;tripwire;24;386
original_ohne_dienste;shellskript;24;421
original_ohne_dienste;aide;25;50
original_ohne_dienste;samhain;25;131
original_ohne_dienste;tripwire;25;377
original_ohne_dienste;shellskript;25;426
original_ohne_dienste;aide;26;51
original_ohne_dienste;samhain;26;134
original_ohne_dienste;tripwire;26;366
original_ohne_dienste;shellskript;26;417
original_ohne_dienste;aide;27;51
original_ohne_dienste;samhain;27;133
original_ohne_dienste;tripwire;27;378
original_ohne_dienste;shellskript;27;416
original_ohne_dienste;aide;28;51
original_ohne_dienste;samhain;28;133
original_ohne_dienste;tripwire;28;380
original_ohne_dienste;shellskript;28;426
original_ohne_dienste;aide;29;51
original_ohne_dienste;samhain;29;130
original_ohne_dienste;tripwire;29;374
original_ohne_dienste;shellskript;29;422
original_ohne_dienste;aide;30;50
original_ohne_dienste;samhain;30;133
original_ohne_dienste;tripwire;30;373
original_ohne_dienste;shellskript;30;420
