systemvolume_frisch;aide;1;93
systemvolume_frisch;samhain;1;136
systemvolume_frisch;tripwire;1;678
systemvolume_frisch;shellskript;1;415
systemvolume_frisch;aide;2;92
systemvolume_frisch;samhain;2;125
systemvolume_frisch;tripwire;2;348
systemvolume_frisch;shellskript;2;429
systemvolume_frisch;aide;3;94
systemvolume_frisch;samhain;3;131
systemvolume_frisch;tripwire;3;328
systemvolume_frisch;shellskript;3;421
systemvolume_frisch;aide;4;70
systemvolume_frisch;samhain;4;103
systemvolume_frisch;tripwire;4;389
systemvolume_frisch;shellskript;4;429
systemvolume_frisch;aide;5;92
systemvolume_frisch;samhain;5;127
systemvolume_frisch;tripwire;5;332
systemvolume_frisch;shellskript;5;448
systemvolume_frisch;aide;6;76
systemvolume_frisch;samhain;6;115
systemvolume_frisch;tripwire;6;345
systemvolume_frisch;shellskript;6;426
systemvolume_frisch;aide;7;71
systemvolume_frisch;samhain;7;110
systemvolume_frisch;tripwire;7;375
systemvolume_frisch;shellskript;7;445
systemvolume_frisch;aide;8;72
systemvolume_frisch;samhain;8;106
systemvolume_frisch;tripwire;8;359
systemvolume_frisch;shellskript;8;436
systemvolume_frisch;aide;9;73
systemvolume_frisch;samhain;9;103
systemvolume_frisch;tripwire;9;372
systemvolume_frisch;shellskript;9;432
systemvolume_frisch;aide;10;74
systemvolume_frisch;samhain;10;107
systemvolume_frisch;tripwire;10;368
systemvolume_frisch;shellskript;10;447
systemvolume_frisch;aide;11;74
systemvolume_frisch;samhain;11;105
systemvolume_frisch;tripwire;11;356
systemvolume_frisch;shellskript;11;434
systemvolume_frisch;aide;12;71
systemvolume_frisch;samhain;12;116
systemvolume_frisch;tripwire;12;362
systemvolume_frisch;shellskript;12;434
systemvolume_frisch;aide;13;72
systemvolume_frisch;samhain;13;106
systemvolume_frisch;tripwire;13;370
systemvolume_frisch;shellskript;13;449
systemvolume_frisch;aide;14;73
systemvolume_frisch;samhain;14;107
systemvolume_frisch;tripwire;14;355
systemvolume_frisch;shellskript;14;433
systemvolume_frisch;aide;15;73
systemvolume_frisch;samhain;15;109
systemvolume_frisch;tripwire;15;364
systemvolume_frisch;shellskript;15;469
systemvolume_frisch;aide;16;76
systemvolume_frisch;samhain;16;106
systemvolume_frisch;tripwire;16;334
systemvolume_frisch;shellskript;16;430
systemvolume_frisch;aide;17;95
systemvolume_frisch;samhain;17;138
systemvolume_frisch;tripwire;17;315
systemvolume_frisch;shellskript;17;440
systemvolume_frisch;aide;18;92
systemvolume_frisch;samhain;18;127
systemvolume_frisch;tripwire;18;322
systemvolume_frisch;shellskript;18;419
systemvolume_frisch;aide;19;92
systemvolume_frisch;samhain;19;122
systemvolume_frisch;tripwire;19;347
systemvolume_frisch;shellskript;19;422
systemvolume_frisch;aide;20;92
systemvolume_frisch;samhain;20;121
systemvolume_frisch;tripwire;20;346
systemvolume_frisch;shellskript;20;424
systemvolume_frisch;aide;21;95
systemvolume_frisch;samhain;21;131
systemvolume_frisch;tripwire;21;331
systemvolume_frisch;shellskript;21;423
systemvolume_frisch;aide;22;92
systemvolume_frisch;samhain;22;125
systemvolume_frisch;tripwire;22;341
systemvolume_frisch;shellskript;22;425
systemvolume_frisch;aide;23;95
systemvolume_frisch;samhain;23;132
systemvolume_frisch;tripwire;23;330
systemvolume_frisch;shellskript;23;436
systemvolume_frisch;aide;24;93
systemvolume_frisch;samhain;24;124
systemvolume_frisch;tripwire;24;326
systemvolume_frisch;shellskript;24;425
systemvolume_frisch;aide;25;94
systemvolume_frisch;samhain;25;133
systemvolume_frisch;tripwire;25;329
systemvolume_frisch;shellskript;25;445
systemvolume_frisch;aide;26;93
systemvolume_frisch;samhain;26;122
systemvolume_frisch;tripwire;26;319
systemvolume_frisch;shellskript;26;423
systemvolume_frisch;aide;27;93
systemvolume_frisch;samhain;27;125
systemvolume_frisch;tripwire;27;340
systemvolume_frisch;shellskript;27;422
systemvolume_frisch;aide;28;92
systemvolume_frisch;samhain;28;127
systemvolume_frisch;tripwire;28;342
systemvolume_frisch;shellskript;28;426
systemvolume_frisch;aide;29;93
systemvolume_frisch;samhain;29;129
systemvolume_frisch;tripwire;29;328
systemvolume_frisch;shellskript;29;432
systemvolume_frisch;aide;30;91
systemvolume_frisch;samhain;30;125
systemvolume_frisch;tripwire;30;333
systemvolume_frisch;shellskript;30;419
