4cpu_7424mb;aide;1;76
4cpu_7424mb;samhain;1;124
4cpu_7424mb;tripwire;1;780
4cpu_7424mb;shellskript;1;460
4cpu_7424mb;aide;2;52
4cpu_7424mb;samhain;2;117
4cpu_7424mb;tripwire;2;349
4cpu_7424mb;shellskript;2;450
4cpu_7424mb;aide;3;52
4cpu_7424mb;samhain;3;123
4cpu_7424mb;tripwire;3;355
4cpu_7424mb;shellskript;3;439
4cpu_7424mb;aide;4;51
4cpu_7424mb;samhain;4;123
4cpu_7424mb;tripwire;4;367
4cpu_7424mb;shellskript;4;452
4cpu_7424mb;aide;5;51
4cpu_7424mb;samhain;5;122
4cpu_7424mb;tripwire;5;355
4cpu_7424mb;shellskript;5;441
4cpu_7424mb;aide;6;50
4cpu_7424mb;samhain;6;124
4cpu_7424mb;tripwire;6;365
4cpu_7424mb;shellskript;6;448
4cpu_7424mb;aide;7;53
4cpu_7424mb;samhain;7;127
4cpu_7424mb;tripwire;7;351
4cpu_7424mb;shellskript;7;440
4cpu_7424mb;aide;8;51
4cpu_7424mb;samhain;8;125
4cpu_7424mb;tripwire;8;364
4cpu_7424mb;shellskript;8;457
4cpu_7424mb;aide;9;51
4cpu_7424mb;samhain;9;122
4cpu_7424mb;tripwire;9;351
4cpu_7424mb;shellskript;9;450
4cpu_7424mb;aide;10;50
4cpu_7424mb;samhain;10;128
4cpu_7424mb;tripwire;10;350
4cpu_7424mb;shellskript;10;442
4cpu_7424mb;aide;11;50
4cpu_7424mb;samhain;11;128
4cpu_7424mb;tripwire;11;360
4cpu_7424mb;shellskript;11;446
4cpu_7424mb;aide;12;51
4cpu_7424mb;samhain;12;125
4cpu_7424mb;tripwire;12;356
4cpu_7424mb;shellskript;12;437
4cpu_7424mb;aide;13;51
4cpu_7424mb;samhain;13;123
4cpu_7424mb;tripwire;13;369
4cpu_7424mb;shellskript;13;439
4cpu_7424mb;aide;14;51
4cpu_7424mb;samhain;14;122
4cpu_7424mb;tripwire;14;368
4cpu_7424mb;shellskript;14;431
4cpu_7424mb;aide;15;50
4cpu_7424mb;samhain;15;125
4cpu_7424mb;tripwire;15;373
4cpu_7424mb;shellskript;15;438
4cpu_7424mb;aide;16;38
4cpu_7424mb;samhain;16;98
4cpu_7424mb;tripwire;16;408
4cpu_7424mb;shellskript;16;439
4cpu_7424mb;aide;17;51
4cpu_7424mb;samhain;17;126
4cpu_7424mb;tripwire;17;365
4cpu_7424mb;shellskript;17;436
4cpu_7424mb;aide;18;51
4cpu_7424mb;samhain;18;121
4cpu_7424mb;tripwire;18;370
4cpu_7424mb;shellskript;18;442
4cpu_7424mb;aide;19;51
4cpu_7424mb;samhain;19;126
4cpu_7424mb;tripwire;19;361
4cpu_7424mb;shellskript;19;434
4cpu_7424mb;aide;20;51
4cpu_7424mb;samhain;20;124
4cpu_7424mb;tripwire;20;372
4cpu_7424mb;shellskript;20;437
4cpu_7424mb;aide;21;51
4cpu_7424mb;samhain;21;120
4cpu_7424mb;tripwire;21;372
4cpu_7424mb;shellskript;21;436
4cpu_7424mb;aide;22;51
4cpu_7424mb;samhain;22;126
4cpu_7424mb;tripwire;22;366
4cpu_7424mb;shellskript;22;436
4cpu_7424mb;aide;23;51
4cpu_7424mb;samhain;23;123
4cpu_7424mb;tripwire;23;370
4cpu_7424mb;shellskript;23;436
4cpu_7424mb;aide;24;51
4cpu_7424mb;samhain;24;124
4cpu_7424mb;tripwire;24;369
4cpu_7424mb;shellskript;24;444
4cpu_7424mb;aide;25;51
4cpu_7424mb;samhain;25;124
4cpu_7424mb;tripwire;25;360
4cpu_7424mb;shellskript;25;437
4cpu_7424mb;aide;26;50
4cpu_7424mb;samhain;26;129
4cpu_7424mb;tripwire;26;365
4cpu_7424mb;shellskript;26;435
4cpu_7424mb;aide;27;51
4cpu_7424mb;samhain;27;122
4cpu_7424mb;tripwire;27;371
4cpu_7424mb;shellskript;27;435
4cpu_7424mb;aide;28;51
4cpu_7424mb;samhain;28;123
4cpu_7424mb;tripwire;28;371
4cpu_7424mb;shellskript;28;435
4cpu_7424mb;aide;29;49
4cpu_7424mb;samhain;29;120
4cpu_7424mb;tripwire;29;377
4cpu_7424mb;shellskript;29;440
4cpu_7424mb;aide;30;51
4cpu_7424mb;samhain;30;122
4cpu_7424mb;tripwire;30;366
4cpu_7424mb;shellskript;30;439
