original;aide;1;69
original;samhain;1;126
original;tripwire;1;261
original;shellskript;1;480
original;aide;2;51
original;samhain;2;122
original;tripwire;2;315
original;shellskript;2;417
original;aide;3;50
original;samhain;3;136
original;tripwire;3;378
original;shellskript;3;421
original;aide;4;50
original;samhain;4;127
original;tripwire;4;382
original;shellskript;4;417
original;aide;5;50
original;samhain;5;126
original;tripwire;5;387
original;shellskript;5;418
original;aide;6;52
original;samhain;6;129
original;tripwire;6;381
original;shellskript;6;420
original;aide;7;50
original;samhain;7;134
original;tripwire;7;375
original;shellskript;7;415
original;aide;8;50
original;samhain;8;129
original;tripwire;8;387
original;shellskript;8;419
original;aide;9;51
original;samhain;9;123
original;tripwire;9;388
original;shellskript;9;420
original;aide;10;50
original;samhain;10;122
original;tripwire;10;386
original;shellskript;10;415
original;aide;11;51
original;samhain;11;134
original;tripwire;11;380
original;shellskript;11;424
original;aide;12;50
original;samhain;12;129
original;tripwire;12;376
original;shellskript;12;419
original;aide;13;50
original;samhain;13;131
original;tripwire;13;379
original;shellskript;13;422
original;aide;14;50
original;samhain;14;129
original;tripwire;14;379
original;shellskript;14;419
original;aide;15;50
original;samhain;15;131
original;tripwire;15;380
original;shellskript;15;420
original;aide;16;50
original;samhain;16;124
original;tripwire;16;386
original;shellskript;16;416
original;aide;17;50
original;samhain;17;137
original;tripwire;17;376
original;shellskript;17;420
original;aide;18;50
original;samhain;18;125
original;tripwire;18;384
original;shellskript;18;415
original;aide;19;50
original;samhain;19;130
original;tripwire;19;387
original;shellskript;19;425
original;aide;20;50
original;samhain;20;126
original;tripwire;20;379
original;shellskript;20;419
original;aide;21;51
original;samhain;21;130
original;tripwire;21;379
original;shellskript;21;415
original;aide;22;50
original;samhain;22;125
original;tripwire;22;389
original;shellskript;22;417
original;aide;23;50
original;samhain;23;132
original;tripwire;23;381
original;shellskript;23;416
original;aide;24;51
original;samhain;24;129
original;tripwire;24;383
original;shellskript;24;417
original;aide;25;50
original;samhain;25;123
original;tripwire;25;388
original;shellskript;25;417
original;aide;26;50
original;samhain;26;128
original;tripwire;26;383
original;shellskript;26;427
original;aide;27;50
original;samhain;27;128
original;tripwire;27;373
original;shellskript;27;426
original;aide;28;50
original;samhain;28;124
original;tripwire;28;380
original;shellskript;28;413
original;aide;29;50
original;samhain;29;125
original;tripwire;29;393
original;shellskript;29;428
original;aide;30;51
original;samhain;30;126
original;tripwire;30;372
original;shellskript;30;411
