ext4;aide;1;92
ext4;samhain;1;126
ext4;tripwire;1;748
ext4;shellskript;1;432
ext4;aide;2;93
ext4;samhain;2;134
ext4;tripwire;2;322
ext4;shellskript;2;420
ext4;aide;3;92
ext4;samhain;3;125
ext4;tripwire;3;342
ext4;shellskript;3;415
ext4;aide;4;91
ext4;samhain;4;129
ext4;tripwire;4;346
ext4;shellskript;4;431
ext4;aide;5;91
ext4;samhain;5;126
ext4;tripwire;5;334
ext4;shellskript;5;415
ext4;aide;6;91
ext4;samhain;6;126
ext4;tripwire;6;350
ext4;shellskript;6;419
ext4;aide;7;91
ext4;samhain;7;122
ext4;tripwire;7;349
ext4;shellskript;7;414
ext4;aide;8;91
ext4;samhain;8;133
ext4;tripwire;8;344
ext4;shellskript;8;417
ext4;aide;9;93
ext4;samhain;9;129
ext4;tripwire;9;342
ext4;shellskript;9;413
ext4;aide;10;91
ext4;samhain;10;123
ext4;tripwire;10;353
ext4;shellskript;10;411
ext4;aide;11;91
ext4;samhain;11;123
ext4;tripwire;11;356
ext4;shellskript;11;412
ext4;aide;12;91
ext4;samhain;12;129
ext4;tripwire;12;350
ext4;shellskript;12;415
ext4;aide;13;91
ext4;samhain;13;117
ext4;tripwire;13;359
ext4;shellskript;13;416
ext4;aide;14;92
ext4;samhain;14;124
ext4;tripwire;14;349
ext4;shellskript;14;414
ext4;aide;15;92
ext4;samhain;15;123
ext4;tripwire;15;354
ext4;shellskript;15;413
ext4;aide;16;91
ext4;samhain;16;122
ext4;tripwire;16;355
ext4;shellskript;16;411
ext4;aide;17;91
ext4;samhain;17;128
ext4;tripwire;17;352
ext4;shellskript;17;417
ext4;aide;18;92
ext4;samhain;18;124
ext4;tripwire;18;348
ext4;shellskript;18;414
ext4;aide;19;91
ext4;samhain;19;126
ext4;tripwire;19;349
ext4;shellskript;19;417
ext4;aide;20;91
ext4;samhain;20;125
ext4;tripwire;20;350
ext4;shellskript;20;418
ext4;aide;21;94
ext4;samhain;21;132
ext4;tripwire;21;337
ext4;shellskript;21;416
ext4;aide;22;91
ext4;samhain;22;123
ext4;tripwire;22;351
ext4;shellskript;22;419
ext4;aide;23;91
ext4;samhain;23;129
ext4;tripwire;23;341
ext4;shellskript;23;414
ext4;aide;24;91
ext4;samhain;24;131
ext4;tripwire;24;346
ext4;shellskript;24;415
ext4;aide;25;92
ext4;samhain;25;125
ext4;tripwire;25;348
ext4;shellskript;25;419
ext4;aide;26;93
ext4;samhain;26;131
ext4;tripwire;26;338
ext4;shellskript;26;421
ext4;aide;27;69
ext4;samhain;27;101
ext4;tripwire;27;395
ext4;shellskript;27;416
ext4;aide;28;91
ext4;samhain;28;126
ext4;tripwire;28;347
ext4;shellskript;28;417
ext4;aide;29;92
ext4;samhain;29;130
ext4;tripwire;29;344
ext4;shellskript;29;414
ext4;aide;30;92
ext4;samhain;30;133
ext4;tripwire;30;342
ext4;shellskript;30;419
xfs;aide;1;91
xfs;samhain;1;134
xfs;tripwire;1;739
xfs;shellskript;1;409
xfs;aide;2;92
xfs;samhain;2;136
xfs;tripwire;2;344
xfs;shellskript;2;413
xfs;aide;3;92
xfs;samhain;3;131
xfs;tripwire;3;345
xfs;shellskript;3;407
xfs;aide;4;91
xfs;samhain;4;128
xfs;tripwire;4;356
xfs;shellskript;4;414
xfs;aide;5;94
xfs;samhain;5;125
xfs;tripwire;5;348
xfs;shellskript;5;420
xfs;aide;6;92
xfs;samhain;6;128
xfs;tripwire;6;342
xfs;shellskript;6;414
xfs;aide;7;92
xfs;samhain;7;133
xfs;tripwire;7;342
xfs;shellskript;7;415
xfs;aide;8;91
xfs;samhain;8;127
xfs;tripwire;8;349
xfs;shellskript;8;410
xfs;aide;9;92
xfs;samhain;9;128
xfs;tripwire;9;351
xfs;shellskript;9;415
xfs;aide;10;92
xfs;samhain;10;130
xfs;tripwire;10;344
xfs;shellskript;10;413
xfs;aide;11;92
xfs;samhain;11;164
xfs;tripwire;11;312
xfs;shellskript;11;413
xfs;aide;12;94
xfs;samhain;12;115
xfs;tripwire;12;358
xfs;shellskript;12;408
xfs;aide;13;91
xfs;samhain;13;123
xfs;tripwire;13;360
xfs;shellskript;13;414
xfs;aide;14;91
xfs;samhain;14;124
xfs;tripwire;14;352
xfs;shellskript;14;423
xfs;aide;15;92
xfs;samhain;15;128
xfs;tripwire;15;336
xfs;shellskript;15;414
xfs;aide;16;91
xfs;samhain;16;130
xfs;tripwire;16;347
xfs;shellskript;16;414
xfs;aide;17;91
xfs;samhain;17;133
xfs;tripwire;17;343
xfs;shellskript;17;412
xfs;aide;18;91
xfs;samhain;18;128
xfs;tripwire;18;352
xfs;shellskript;18;414
xfs;aide;19;91
xfs;samhain;19;124
xfs;tripwire;19;352
xfs;shellskript;19;414
xfs;aide;20;91
xfs;samhain;20;129
xfs;tripwire;20;347
xfs;shellskript;20;414
xfs;aide;21;91
xfs;samhain;21;126
xfs;tripwire;21;350
xfs;shellskript;21;411
xfs;aide;22;91
xfs;samhain;22;122
xfs;tripwire;22;356
xfs;shellskript;22;413
xfs;aide;23;91
xfs;samhain;23;126
xfs;tripwire;23;351
xfs;shellskript;23;415
xfs;aide;24;91
xfs;samhain;24;128
xfs;tripwire;24;347
xfs;shellskript;24;411
xfs;aide;25;91
xfs;samhain;25;125
xfs;tripwire;25;352
xfs;shellskript;25;414
xfs;aide;26;91
xfs;samhain;26;124
xfs;tripwire;26;353
xfs;shellskript;26;419
xfs;aide;27;92
xfs;samhain;27;122
xfs;tripwire;27;347
xfs;shellskript;27;415
xfs;aide;28;91
xfs;samhain;28;127
xfs;tripwire;28;348
xfs;shellskript;28;410
xfs;aide;29;92
xfs;samhain;29;128
xfs;tripwire;29;353
xfs;shellskript;29;432
xfs;aide;30;93
xfs;samhain;30;127
xfs;tripwire;30;328
xfs;shellskript;30;418
