ext4;aide;1;114
ext4;samhain;1;127
ext4;tripwire;1;168
ext4;shellskript;1;486
ext4;aide;2;91
ext4;samhain;2;130
ext4;tripwire;2;263
ext4;shellskript;2;420
ext4;aide;3;92
ext4;samhain;3;129
ext4;tripwire;3;338
ext4;shellskript;3;417
ext4;aide;4;93
ext4;samhain;4;140
ext4;tripwire;4;331
ext4;shellskript;4;426
ext4;aide;5;93
ext4;samhain;5;130
ext4;tripwire;5;329
ext4;shellskript;5;425
ext4;aide;6;94
ext4;samhain;6;135
ext4;tripwire;6;323
ext4;shellskript;6;414
ext4;aide;7;94
ext4;samhain;7;159
ext4;tripwire;7;312
ext4;shellskript;7;419
ext4;aide;8;94
ext4;samhain;8;138
ext4;tripwire;8;328
ext4;shellskript;8;423
ext4;aide;9;94
ext4;samhain;9;132
ext4;tripwire;9;331
ext4;shellskript;9;426
ext4;aide;10;95
ext4;samhain;10;127
ext4;tripwire;10;332
ext4;shellskript;10;429
ext4;aide;11;94
ext4;samhain;11;142
ext4;tripwire;11;314
ext4;shellskript;11;422
ext4;aide;12;94
ext4;samhain;12;126
ext4;tripwire;12;335
ext4;shellskript;12;412
ext4;aide;13;92
ext4;samhain;13;132
ext4;tripwire;13;342
ext4;shellskript;13;416
ext4;aide;14;91
ext4;samhain;14;128
ext4;tripwire;14;343
ext4;shellskript;14;409
ext4;aide;15;92
ext4;samhain;15;132
ext4;tripwire;15;348
ext4;shellskript;15;425
ext4;aide;16;94
ext4;samhain;16;133
ext4;tripwire;16;326
ext4;shellskript;16;416
ext4;aide;17;94
ext4;samhain;17;134
ext4;tripwire;17;335
ext4;shellskript;17;411
ext4;aide;18;91
ext4;samhain;18;130
ext4;tripwire;18;349
ext4;shellskript;18;433
ext4;aide;19;92
ext4;samhain;19;133
ext4;tripwire;19;322
ext4;shellskript;19;414
ext4;aide;20;92
ext4;samhain;20;127
ext4;tripwire;20;346
ext4;shellskript;20;422
ext4;aide;21;92
ext4;samhain;21;128
ext4;tripwire;21;338
ext4;shellskript;21;416
ext4;aide;22;92
ext4;samhain;22;128
ext4;tripwire;22;342
ext4;shellskript;22;416
ext4;aide;23;92
ext4;samhain;23;137
ext4;tripwire;23;332
ext4;shellskript;23;416
ext4;aide;24;92
ext4;samhain;24;127
ext4;tripwire;24;344
ext4;shellskript;24;413
ext4;aide;25;92
ext4;samhain;25;130
ext4;tripwire;25;344
ext4;shellskript;25;428
ext4;aide;26;92
ext4;samhain;26;129
ext4;tripwire;26;332
ext4;shellskript;26;418
ext4;aide;27;91
ext4;samhain;27;132
ext4;tripwire;27;338
ext4;shellskript;27;425
ext4;aide;28;93
ext4;samhain;28;130
ext4;tripwire;28;330
ext4;shellskript;28;418
ext4;aide;29;92
ext4;samhain;29;131
ext4;tripwire;29;337
ext4;shellskript;29;412
ext4;aide;30;92
ext4;samhain;30;130
ext4;tripwire;30;346
ext4;shellskript;30;417
