fenster_ms,lauf,offset_ms,im_fenster,aide,samhain
10,1,123,0,0,1
10,2,371,0,0,1
10,3,18,0,0,1
10,4,315,0,0,1
10,5,162,0,0,1
10,6,319,0,0,1
10,7,193,0,0,1
10,8,324,0,0,1
10,9,147,0,0,1
10,10,239,0,0,1
10,11,269,0,0,1
10,12,358,0,0,1
10,13,175,0,0,1
10,14,470,0,0,1
10,15,339,0,0,1
10,16,7,1,0,1
10,17,86,0,0,1
10,18,391,0,0,1
10,19,344,0,0,1
10,20,132,0,0,1
50,1,241,0,0,1
50,2,444,0,0,1
50,3,182,0,0,1
50,4,110,0,0,1
50,5,272,0,0,1
50,6,195,0,0,1
50,7,93,0,0,1
50,8,176,0,0,1
50,9,273,0,0,1
50,10,454,0,0,1
50,11,44,1,0,1
50,12,36,1,0,1
50,13,80,0,0,1
50,14,131,0,0,1
50,15,335,0,0,1
50,16,197,0,0,1
50,17,194,0,0,1
50,18,76,0,0,1
50,19,463,0,0,1
50,20,202,0,0,1
100,1,135,0,0,1
100,2,310,0,0,1
100,3,464,0,0,1
100,4,114,0,0,1
100,5,10,1,1,1
100,6,319,0,0,1
100,7,166,0,0,1
100,8,225,0,0,1
100,9,155,0,0,1
100,10,89,1,0,1
100,11,199,0,0,1
100,12,0,1,1,1
100,13,366,0,0,1
100,14,258,0,0,1
100,15,291,0,0,1
100,16,34,1,1,1
100,17,206,0,0,1
100,18,223,0,0,1
100,19,170,0,0,1
100,20,245,0,0,1
250,1,456,0,0,1
250,2,197,1,1,1
250,3,456,0,0,1
250,4,423,0,0,1
250,5,343,0,0,1
250,6,101,1,1,1
250,7,439,0,0,1
250,8,287,0,0,1
250,9,63,1,1,1
250,10,212,1,1,1
250,11,452,0,0,1
250,12,145,1,1,1
250,13,11,1,1,1
250,14,80,1,1,1
250,15,377,0,0,1
250,16,27,1,1,1
250,17,200,1,1,1
250,18,302,0,0,1
250,19,456,0,0,1
250,20,35,1,1,1
500,1,492,1,0,1
500,2,288,1,1,1
500,3,310,1,1,1
500,4,31,1,1,1
500,5,7,1,1,1
500,6,127,1,1,1
500,7,388,1,1,1
500,8,41,1,1,1
500,9,413,1,1,1
500,10,102,1,1,1
500,11,289,1,1,1
500,12,96,1,1,1
500,13,258,1,1,1
500,14,72,1,1,1
500,15,205,1,1,1
500,16,324,1,1,1
500,17,356,1,1,1
500,18,139,1,1,1
500,19,308,1,1,1
500,20,277,1,1,1
1000,1,175,1,1,1
1000,2,397,1,1,1
1000,3,78,1,1,1
1000,4,123,1,1,1
1000,5,112,1,1,1
1000,6,188,1,1,1
1000,7,316,1,1,1
1000,8,386,1,1,1
1000,9,451,1,1,1
1000,10,464,1,1,1
1000,11,44,1,1,1
1000,12,367,1,1,1
1000,13,443,1,1,1
1000,14,397,1,1,1
1000,15,409,1,1,1
1000,16,259,1,1,1
1000,17,354,1,1,1
1000,18,452,1,1,1
1000,19,6,1,1,1
1000,20,251,1,1,1
