block,arm,fall,lauf,erkannt
1,ohne,rueckgenommen,1,0
1,ohne,rueckgenommen,2,0
1,ohne,rueckgenommen,3,0
1,ohne,rueckgenommen,4,0
1,ohne,rueckgenommen,5,0
1,ohne,persistent,6,1
1,ohne,persistent,7,1
1,mit,rueckgenommen,1,1
1,mit,rueckgenommen,2,1
1,mit,rueckgenommen,3,1
1,mit,rueckgenommen,4,1
1,mit,rueckgenommen,5,1
1,mit,persistent,6,1
1,mit,persistent,7,1
2,ohne,rueckgenommen,1,0
2,ohne,rueckgenommen,2,0
2,ohne,rueckgenommen,3,0
2,ohne,rueckgenommen,4,0
2,ohne,rueckgenommen,5,0
2,ohne,persistent,6,1
2,ohne,persistent,7,1
2,mit,rueckgenommen,1,1
2,mit,rueckgenommen,2,1
2,mit,rueckgenommen,3,1
2,mit,rueckgenommen,4,1
2,mit,rueckgenommen,5,1
2,mit,persistent,6,1
2,mit,persistent,7,1
3,ohne,rueckgenommen,1,0
3,ohne,rueckgenommen,2,0
3,ohne,rueckgenommen,3,0
3,ohne,rueckgenommen,4,0
3,ohne,rueckgenommen,5,0
3,ohne,persistent,6,1
3,ohne,persistent,7,1
3,mit,rueckgenommen,1,1
3,mit,rueckgenommen,2,1
3,mit,rueckgenommen,3,1
3,mit,rueckgenommen,4,1
3,mit,rueckgenommen,5,1
3,mit,persistent,6,1
3,mit,persistent,7,1
4,ohne,rueckgenommen,1,0
4,ohne,rueckgenommen,2,0
4,ohne,rueckgenommen,3,0
4,ohne,rueckgenommen,4,0
4,ohne,rueckgenommen,5,0
4,ohne,persistent,6,1
4,ohne,persistent,7,1
4,mit,rueckgenommen,1,1
4,mit,rueckgenommen,2,1
4,mit,rueckgenommen,3,1
4,mit,rueckgenommen,4,1
4,mit,rueckgenommen,5,1
4,mit,persistent,6,1
4,mit,persistent,7,1
