block,arm,fall,lauf,erkannt,maske
1,mit,rueckgenommen,1,1,--------T-
1,mit,rueckgenommen,2,1,--------T-
1,mit,rueckgenommen,3,1,--------T-
1,mit,rueckgenommen,4,1,--------T-
1,mit,rueckgenommen,5,1,--------T-
1,mit,persistent,6,1,-----M--T-
1,mit,persistent,7,1,-----M--T-
1,ohne,rueckgenommen,1,0,-
1,ohne,rueckgenommen,2,0,-
1,ohne,rueckgenommen,3,0,-
1,ohne,rueckgenommen,4,0,-
1,ohne,rueckgenommen,5,0,-
1,ohne,persistent,6,1,-----M----
1,ohne,persistent,7,1,-----M----
2,mit,rueckgenommen,1,1,--------T-
2,mit,rueckgenommen,2,1,--------T-
2,mit,rueckgenommen,3,1,--------T-
2,mit,rueckgenommen,4,1,--------T-
2,mit,rueckgenommen,5,1,--------T-
2,mit,persistent,6,1,-----M--T-
2,mit,persistent,7,1,-----M--T-
2,ohne,rueckgenommen,1,0,-
2,ohne,rueckgenommen,2,0,-
2,ohne,rueckgenommen,3,0,-
2,ohne,rueckgenommen,4,0,-
2,ohne,rueckgenommen,5,0,-
2,ohne,persistent,6,1,-----M----
2,ohne,persistent,7,1,-----M----
3,mit,rueckgenommen,1,1,--------T-
3,mit,rueckgenommen,2,1,--------T-
3,mit,rueckgenommen,3,1,--------T-
3,mit,rueckgenommen,4,1,--------T-
3,mit,rueckgenommen,5,1,--------T-
3,mit,persistent,6,1,-----M--T-
3,mit,persistent,7,1,-----M--T-
3,ohne,rueckgenommen,1,0,-
3,ohne,rueckgenommen,2,0,-
3,ohne,rueckgenommen,3,0,-
3,ohne,rueckgenommen,4,0,-
3,ohne,rueckgenommen,5,0,-
3,ohne,persistent,6,1,-----M----
3,ohne,persistent,7,1,-----M----
4,mit,rueckgenommen,1,1,--------T-
4,mit,rueckgenommen,2,1,--------T-
4,mit,rueckgenommen,3,1,--------T-
4,mit,rueckgenommen,4,1,--------T-
4,mit,rueckgenommen,5,1,--------T-
4,mit,persistent,6,1,-----M--T-
4,mit,persistent,7,1,-----M--T-
4,ohne,rueckgenommen,1,0,-
4,ohne,rueckgenommen,2,0,-
4,ohne,rueckgenommen,3,0,-
4,ohne,rueckgenommen,4,0,-
4,ohne,rueckgenommen,5,0,-
4,ohne,persistent,6,1,-----M----
4,ohne,persistent,7,1,-----M----
